<?xml version="1.0" encoding="UTF-8"?>
<beans xmlns="http://www.springframework.org/schema/beans"
	xmlns:xsi="http://www.w3.org/2001/XMLSchema-instance"
	xmlns:context="http://www.springframework.org/schema/context"
	xsi:schemaLocation="http://www.springframework.org/schema/beans http://www.springframework.org/schema/beans/spring-beans.xsd
		http://www.springframework.org/schema/context http://www.springframework.org/schema/context/spring-context-4.2.xsd">

	<context:component-scan base-package="com.springbook.view"></context:component-scan>
	
	<!-- 파일 업로드 설정 -->
	<bean id="multipartResolver" class="org.springframework.web.multipart.commons.CommonsMultipartResolver">
		<property name="maxUploadSize" value="100000"/>
	</bean>
</beans>
	
	<!-- Transaction
	<bean id="txManager" class="org.springframework.jdbc.datasource.DataSourceTransactionManager">
		<property name="dataSource" ref="dataSource"></property>
	</bean>
	
	<tx:advice id="txAdvice"  transaction-manager="txManager">
		<tx:attributes>
			<tx:method name="get*"  read-only="true"/>
			<tx:method name="*"/>
		</tx:attributes>
	</tx:advice>
	
	<aop:config>
		<aop:pointcut id="txPointcut" expression="execution(* com.springbook.biz..*(..))" />
		
		<aop:advisor pointcut-ref="txPointcut" advice-ref="txAdvice" />
	</aop:config>
	
	<bean id="log1" class="com.springbook.biz.common.AroundAdvice" />
	<bean id="log2" class="com.springbook.biz.common.BeforeAdvice" />
	<bean id="log" class="com.springbook.biz.common.AfterThrowingAdvice" />
	
	 <aop:config>
		<aop:pointcut expression="execution(* com.springbook.biz..*Impl.*(..))" id="allPointcut"/>
		<aop:pointcut expression="execution(* com.springbook.biz..*Impl.get*(..))" id="getPointcut"/>
		
		<aop:aspect ref="log">
			<aop:after-throwing pointcut-ref="allPointcut" method="execeptionLog"  throwing="execeptObj" />
		</aop:aspect>		
	</aop:config> -->
