<?xml version="1.0" encoding="UTF-8"?>
<persistence version="2.1" xmlns="http://xmlns.jcp.org/xml/ns/persistence" xmlns:xsi="http://www.w3.org/2001/XMLSchema-instance" xsi:schemaLocation="http://xmlns.jcp.org/xml/ns/persistence http://xmlns.jcp.org/xml/ns/persistence/persistence_2_1.xsd">
	<persistence-unit name="springboard">
		<class>com.springbook.biz.board.BoardVO</class>
		<properties>
			<!-- 필수 속성 -->	
			<property name="hibernate.dialect" value="org.hibernate.dialect.H2Dialect"/>
			
			<!-- 옵션 -->
			<property name="hibernate.show_sql" value="true"/>
			<property name="hibernate.format_sql" value="true"/>
			<property name="hibernate.use_sql_comments" value="false"/>
			<property name="hibernate.id.new_generator_mappings" value="true"/>
			<property name="hibernate.hbm2ddl.auto" value="update"/>
		</properties>
	</persistence-unit>
</persistence>
	
	<!-- SqlSessionFactoryBean 생성 
	<bean id="sessionFactory" class="org.mybatis.spring.SqlSessionFactoryBean">
		<property name="dataSource" ref="dataSource"/>
		<property name="configLocation" value="classpath:sql-map-config.xml" />
	</bean> -->
	
	<!-- Spring 과 JPA 연동 설정 -->
	<bean id="jpaVendorAdapter" class="org.springframework.orm.jpa.vendor.HibernateJpaVendorAdapter" />
	
	<!-- 엔티티 매니저 팩토리 설정 -->
	<bean id="entityManagerFactory" class="org.springframework.orm.jpa.LocalContainerEntityManagerFactoryBean">
		<property name="dataSource"></property>
		<property name="jpaVendorAdapter" ref="jpaVendorAdapter"></property>
	 </bean>
	 
		<!-- Spring과 Mybatis 연동 설정 -->
	<bean id="sqlSession" class="org.mybatis.spring.SqlSessionFactoryBean">
		<property name="dataSource" ref="dataSource"/>
		<property name="configLocation" value="classpath:sql-map-config.xml" />
	</bean>
	
	<!-- SqlSessionFactoryBean 생성1 
	<bean id="sessionFactory" class="org.mybatis.spring.SqlSessionFactoryBean">
		<property name="dataSource" ref="dataSource"/>
		<property name="configLocation" value="classpath:sql-map-config.xml" />
	</bean>
	-->
	
	<!-- Spring JDBC -->
	<bean id="jdbcTemplate" class="org.springframework.jdbc.core.JdbcTemplate">
			<property name="dataSource" ref="dataSource"></property>
	</bean>
	
<!-- Transaction 실행 -->

	<bean id="txManager" class="org.springframework.jdbc.datasource.DataSourceTransactionManager">
		<property name="dataSource" ref="dataSource"></property>
	</bean>
	
	<!-- Transaction 실행 설정 -->
	<tx:advice id="txAdvice" transaction-manager="txManager">
		<tx:attributes>
			<tx:method name="get*" read-only="true"/>
			<tx:method name="*"/>
		</tx:attributes>
	</tx:advice>
	
<aop:config>
		<aop:pointcut expression="execution(* com.springbook.biz..*(..))" id="txPointcut"/>
		<aop:advisor pointcut-ref="txPointcut" advice-ref="txAdvice"/>
	</aop:config>
</beans>

