<?xml version="1.0" encoding="UTF-8"?>
<beans xmlns="http://www.springframework.org/schema/beans"
	xmlns:xsi="http://www.w3.org/2001/XMLSchema-instance"
	xmlns:context="http://www.springframework.org/schema/context"
	xmlns:mvc="http://www.springframework.org/schema/mvc"
	xsi:schemaLocation="http://www.springframework.org/schema/mvc http://www.springframework.org/schema/mvc/spring-mvc-4.2.xsd
		http://www.springframework.org/schema/beans http://www.springframework.org/schema/beans/spring-beans.xsd
		http://www.springframework.org/schema/context http://www.springframework.org/schema/context/spring-context-4.2.xsd">

	<context:component-scan base-package="com.springbook.view" />

	<!-- 파일 업로드 설정 -->
	<bean id="multipartResolver" class="org.springframework.web.multipart.commons.CommonsMultipartResolver">
		<property name="maxUploadSize" value="100000"/>
	</bean>
	
	<mvc:annotation-driven></mvc:annotation-driven>
	
	<!-- 다국어 설정 -->
	<!-- MessageSource 등록 -->
	<bean id="messageSource" class="org.springframework.context.support.ResourceBundleMessageSource">
		<property name="basenames">
			<list>
				<value>message.messageSource</value>
			</list>
		</property>
	</bean>
	
	<!-- LocaleResolver 등록 -->
	<bean id="localeResolver" class="org.springframework.web.servlet.i18n.SessionLocaleResolver"></bean>
	<!-- LocaleChangeInterceptor 등록 -->
	
	<mvc:interceptors>
		<bean class="org.springframework.web.servlet.i18n.LocaleChangeInterceptor">
			<property name="paramName" value="lang" />
		</bean>
	</mvc:interceptors>
	<!-- 예외 처리 설정 -->
	<!-- <bean id="exceptionResovler" class="org.springframework.web.servlet.handler.SimpleMappingExceptionResolver">
		<property name="exceptionMappings">
			<props>
				<prop key="java.lang.ArithmeticException">
					common/arithmeticError.jsp
				</prop>
				<prop key="java.lang.NullPointerException">
					common/nullPointerError.jsp
				</prop>
				<prop key="java.lang.IllegalArgumentException">
					common/illegalArgumentError.jsp
				</prop>
				
			</props>
		</property>
		<property name="defaultErrorView" value="common/error.jsp"></property>
	</bean>
	 -->
	
	<!-- <bean class="org.springframework.web.servlet.handler.SimpleUrlHandlerMapping">
		<property name="mappings">
			<props>
				<prop key="/login.do">login</prop>
				<prop key="/logout.do">logout</prop>
				<prop key="/getBoardList.do">getBoardList</prop>
				<prop key="/getBoard.do">getBoard</prop>
				<prop key="/insertBoard.do">insertBoard</prop>
				<prop key="/deleteBoard.do">deleteBoard</prop>
				<prop key="/updateBoard.do">updateBoard</prop>
			</props>
		</property>
	</bean>
	
	<bean id="login" class="com.springbook.view.controller.LoginController" />
	<bean id="logout" class="com.springbook.view.controller.LogoutController" />
	<bean id="getBoardList" class="com.springbook.view.controller.GetBordListController" />
	<bean id="getBoard" class="com.springbook.view.controller.GetBordController" />
	<bean id="insertBoard" class="com.springbook.view.controller.InsertBordController" />
	<bean id="deleteBoard" class="com.springbook.view.controller.DeleteBordController" />
	<bean id="updateBoard" class="com.springbook.view.controller.UpdateBordController" />
 -->
</beans>
