<?xml version="1.0" encoding="UTF-8"?>
<beans xmlns="http://www.springframework.org/schema/beans"
	xmlns:xsi="http://www.w3.org/2001/XMLSchema-instance"
	xmlns:context="http://www.springframework.org/schema/context"
	xsi:schemaLocation="http://www.springframework.org/schema/beans http://www.springframework.org/schema/beans/spring-beans.xsd
		http://www.springframework.org/schema/context http://www.springframework.org/schema/context/spring-context-4.2.xsd">

	<context:component-scan base-package="com.springbook.view" />

	<!-- <bean class="org.springframework.web.servlet.handler.SimpleUrlHandlerMapping">
		<property name="mappings">
			<props>
				<prop key="/login.do">login</prop>
				<prop key="/logout.do">logout</prop>
				<prop key="/getBoardList.do">getBoardList</prop>
				<prop key="/getBoard.do">getBoard</prop>
				<prop key="/insertBoard.do">insertBoard</prop>
				<prop key="/deleteBoard.do">deleteBoard</prop>
				<prop key="/updateBoard.do">updateBoard</prop>
			</props>
		</property>
	</bean>
	
	<bean id="login" class="com.springbook.view.controller.LoginController" />
	<bean id="logout" class="com.springbook.view.controller.LogoutController" />
	<bean id="getBoardList" class="com.springbook.view.controller.GetBordListController" />
	<bean id="getBoard" class="com.springbook.view.controller.GetBordController" />
	<bean id="insertBoard" class="com.springbook.view.controller.InsertBordController" />
	<bean id="deleteBoard" class="com.springbook.view.controller.DeleteBordController" />
	<bean id="updateBoard" class="com.springbook.view.controller.UpdateBordController" />
 -->
</beans>
