<?xml version="1.0" encoding="UTF-8" ?>
<!DOCTYPE mapper PUBLIC "-//mybatis.org//DTD Mapper 3.0//EN"
  "http://mybatis.org/dtd/mybatis-3-mapper.dtd">

<mapper namespace="DeliveryDAO">
	
	<resultMap id="deliveryResult" type="delivery">
		<result property="brandName" column="BRANDNAME" />
		<result property="location" column="LOCATION" />
		<result property="menu" column="MENU" />
		<result property="brandImg" column="BRANDIMG" />
	</resultMap>
	
	<select id="getDeliveryList" resultMap="deliveryResult">
		SELECT * FROM brand;
		 
	</select>	
	
	<resultMap id="menuResult" type="menu">
		<result property="brandName" column="BRANDNAME" />
		<result property="cmenu" column="CMENU" />
		<result property="content" column="CONTENT" />
		<result property="price" column="PRICE" />
		<result property="cal" column="CAL" />
		<result property="menuImg" column="MENUIMG" />
		
	</resultMap>
	
	<select id="getMenuList" resultMap="menuResult">
		SELECT * FROM menu where 1 = 1
		 
	</select>	
	
	
</mapper>